{"cameraMode":{"drawMode":0,"name":"Shaded","section":"Shading Mode"},"sceneLighting":false,"audioPlay":false,"sceneViewState":{"showFog":true,"showMaterialUpdate":false,"showSkybox":false,"showFlares":true,"showImageEffects":true,"showParticleSystems":true},"in2DMode":false,"pivot":{"x":5.688358783721924,"y":0.13238468766212464,"z":7.06400203704834},"rotation":{"x":0.18063470721244813,"y":-0.04394032433629036,"z":0.008102653548121453,"w":0.982570469379425},"size":1.4805468320846558,"orthographic":false}