{"cameraMode":{"drawMode":0,"name":"Shaded","section":"Shading Mode"},"sceneLighting":true,"audioPlay":false,"sceneViewState":{"showFog":true,"showMaterialUpdate":false,"showSkybox":true,"showFlares":true,"showImageEffects":true,"showParticleSystems":true},"in2DMode":false,"pivot":{"x":-3.6306538581848146,"y":1.1016737222671509,"z":-14.465144157409668},"rotation":{"x":-0.05962121859192848,"y":-0.43618786334991457,"z":0.02891971357166767,"w":-0.8974623680114746},"size":1.2247449159622193,"orthographic":false}