{"cameraMode":{"drawMode":0,"name":"Shaded","section":"Shading Mode"},"sceneLighting":true,"audioPlay":false,"sceneViewState":{"showFog":true,"showMaterialUpdate":false,"showSkybox":true,"showFlares":true,"showImageEffects":true,"showParticleSystems":true},"in2DMode":false,"pivot":{"x":2.420586585998535,"y":3.9551424980163576,"z":-9.929872512817383},"rotation":{"x":-0.008489856496453286,"y":0.4066484272480011,"z":-0.0038199967239052059,"w":-0.9135745167732239},"size":10.0,"orthographic":false}