{"cameraMode":{"drawMode":0,"name":"Shaded","section":"Shading Mode"},"sceneLighting":true,"audioPlay":false,"sceneViewState":{"showFog":true,"showMaterialUpdate":false,"showSkybox":true,"showFlares":true,"showImageEffects":true,"showParticleSystems":true},"in2DMode":false,"pivot":{"x":607.6895141601563,"y":224.70245361328126,"z":-483.63397216796877},"rotation":{"x":-0.018268035724759103,"y":0.06504303961992264,"z":-0.0012393641518428922,"w":-0.9977627396583557},"size":0.8752551674842835,"orthographic":false}